"1","ana.souza@email.com","123.456.789-00","500.0","2025-04-23","Pendente","2025-04-30","BOLETO","88628876335312359790190201506935639031092810657"
"2","carlos.hsilva@email.com","987.654.321-00","1.5","2025-04-23","Pendente","2025-04-30","BOLETO","05871587864384805039644450649770112280115847261"
"3","mariana.oliveira@email.com","111.222.333-44","200.0","2025-04-23","Pendente","2025-04-30","BOLETO","68684788470541553011092667087067899066883110846"
"4","lucas.pereira@email.com","555.666.777-88","300.0","2025-04-23","Pendente","2025-04-30","BOLETO","86606925206097276927364512236391038519057645850"
"5","fernanda.lima@email.com","999.888.777-66","400.0","2025-04-23","Pendente","2025-04-30","BOLETO","45429117692003031755539134144739251879986237303"
"6","joao.v.almeida@email.com","333.444.555-66","500.0","2025-04-23","Pendente","2025-04-30","BOLETO","65161693661780168525914371597536122990328149278"
"7","patricia.costa@email.com","777.888.999-00","600.0","2025-04-23","Pendente","2025-04-30","BOLETO","03209768974504633621600607899897577105594298987"
"8","rafael.martins@email.com","222.333.444-55","700.0","2025-04-23","Pendente","2025-04-30","BOLETO","38466300851721490424678361283903990292391626670"
"9","camila.fernandes@email.com","666.777.888-99","800.0","2025-04-23","Pendente","2025-04-30","BOLETO","33498972320365950650720795743795675538863717153"
"10","bruno.rocha@email.com","444.555.666-77","900.0","2025-04-23","Pendente","2025-04-30","BOLETO","83658906144126406200330705245528521485586467892"
